name,email
et,et97@hotmail.com
lia,lia97@hotmail.com
jack,jack95@gmail.com
dick,dick94@hotmail.com
peter,peter99@gmail.com
pete,pete9112@protonmail.nl
nick,nick69@gmail.nl
jessica,jessica47@gmail.com
pepe,pepe1@gmail.com
jason,jason2000@hotmail.nl
eduard,ed98@gmail.nl
ethan,ethan12@gmail.com
julia,julia1999@gmail.nl